new name,original name
d52,0039c7ae-e1a7-4a7d-9b49-0cbc716821a6
d51,3798b104-01cb-484c-a3b0-56adc6399b80
d54,596ffa74-3d08-44ef-b113-765d43d12738
d198,854a1807-025b-42a8-ba8c-2a39717f1d25
d53,bc710bcf-8815-42cf-bad2-3f1d12246aeb
d199,09885b8e-f235-4b80-a02a-055539493173
d56,c485632c-b784-4ee9-8ea1-c5fb365681fc
d196,1c70a3fc-fa3c-4be1-8b55-c3192db8a884
d55,ba0d6274-db14-4ef5-b28d-657ebde1a396
d197,d262ea27-3ffe-40f7-b922-85c42d625e67
d58,b202beb7-99bd-47e7-8b72-195c8d72ebdd
d194,c33627c6-ef0d-49de-9ef0-c4804190040f
d57,d43d12a1-2dc9-4257-a2fd-0a3bb1081b86
d195,1138a764-2212-4d0a-b02d-0dc14df91e08
d192,cf15719f-51f9-4db8-a15d-5eed9664ce69
d59,302bd7b9-d012-4360-897a-93b00c855680
d193,fbd2a255-1d57-4d31-ac11-65b671c19958
d190,7e9bd05a-117f-4cce-87bc-e011527a8b18
d191,07cc14fb-4784-4a25-804b-2686ed5ef52c
d61,06fb1c8b-566e-4cb2-985b-b467c90781d4
d60,9fdaa16b-a6c4-4831-b87c-bc9ca8ce7eaa
d63,83b9cbe7-9857-49e2-ab8e-b57b01038103
d189,d4a8b62a-773d-4081-8a6c-e12b01346455
d62,516cef4d-0718-4007-9939-f9b38af3f784
d65,8538e728-ca0b-4321-b7e5-cff6565dd4c0
d187,a921f9bc-383c-4fa8-8595-cb09c752331c
d64,66c662b6-6e2f-4930-8610-912e24c63ed1
d188,3bb267e3-300f-48c2-936e-d0eccc534a67
d67,72c536dc-7137-4477-a521-567eeb840fa8
d185,0b0caf06-6758-4c23-a0ae-42ee9448cde4
d66,8970d868-0723-483b-a75b-51088913d3d4
d186,ec5bae34-cd8d-47cb-aa66-60bc0fdce77b
d69,8e68819d-71be-4e7d-b41d-f1df81b01d3f
d183,02f4c1ff-65e0-4412-8e8b-6239b0faecb5
d68,3414d446-735a-443c-931f-10634f57e5b9
d184,4b14889f-0ef6-41a2-a258-125fe3a97a0b
d181,e24a90e9-7c05-4e2e-be61-9387aec73a64
d182,4fe4d4c9-d9c1-4bf8-aa1a-c5f089e66506
d180,5f74ada2-3e6e-4264-8717-0347cbb8a3c0
d70,f82f3a3e-29c2-42ca-b589-bc5dc210fa9e
d72,0103c1cc-4a09-4a5d-a344-56ad99a77193
d71,847e8284-8582-4b0e-9c26-b042a4f49e57
d74,2c1828a2-e46b-4ade-a6e9-065ca265d679
d73,c234fa42-e6a6-443e-937e-2f4b073538a3
d76,548bae0a-223e-4825-a79f-951e1f737a84
d75,a7f9fe7b-dc45-4a18-b083-25aa667892bf
d78,e3e0abcd-7671-4482-a9d8-462f5acc9be5
d77,9329ee19-26d7-40cf-8ec0-ab761cb6180e
d79,10adbe5e-a2c0-4bf3-8249-2b4cbf6e6ca8
d0,cc197bad-dc9c-440d-a5b5-d52ba2e14234
d1,a74b1b7f-71a5-4011-9441-d0b5e4122711
d2,8bfac288-ccc5-448d-9573-c33ea2aa5c30
d3,73e5e69d-3554-40d8-8516-00cb38737a1c
d4,b95ce3ff-3d05-4e87-9e01-c97b66af13d4
d5,95e1ead9-4d31-4808-a7ac-32c3614c116b
d6,164f0d73-1234-4e2c-8743-d77bf2191051
d7,5b11f4ce-a62d-471e-81fc-a69a8278c7da
d8,9c9f1380-2516-4fc9-a3e6-f9f61941d090
d9,0383dadf-2a4e-4d10-a46a-e9e041da8eb3
d81,ac865b2e-bba8-4f5a-8756-dd40d5e39f46
d80,52074ba6-e495-4ef3-9bb4-0703888a9f68
d83,2386cd66-e923-4e8e-bf14-2eebe2e9b973
d82,ff6e677f-91dd-4986-a174-8db0474b1799
d85,8c538f11-c141-4588-8ecb-931083524186
d84,dfe9a7c4-8cf2-47f4-9dcb-d233c2b86ec3
d87,b83bc61f-8451-4a5d-8b8e-7e9ed295e822
d86,73fdb566-a9b1-494c-9f32-51768ec9fd27
d89,f4d5cc07-3bc9-4836-9b15-88a08359bc63
d88,584c04d2-4acc-491b-8a0a-e63133f4bfc4
d90,f90e8b26-9e52-4669-a5c9-e28529c47894
d92,fab34286-b8e1-4879-bce3-194e1358fbd2
d91,e0e1db18-f7ba-4dee-95ff-7ae8cf545460
d94,7dc8f5bd-9d0b-4087-9f73-dc164950bbd8
d93,44cf61b8-5197-448a-b82b-cef6ee89fac5
d96,494e8d09-f85b-4543-892f-a5096aed1cd4
d95,c5eb9407-caeb-4303-b383-6929aa94021c
d98,5182c1d9-c7d2-4dad-afa0-ccfeada921a8
d97,144ef525-85e9-40c3-8335-02c32d0861f3
d99,69b39eab-6577-46a4-a9f5-817839092033
d211,0638ba22-040f-438d-83a5-9b670c4adaf5
d212,34c63966-445c-4613-afe1-4f0e1e53ae9a
d210,4bd95eea-b9f6-4d70-a36c-cfea77431553
d219,811900b2-68fc-4d41-8bad-69b7a1f4d628
d217,afdb7919-059d-43c1-b668-ba1d265e7e42
d218,d1353a0c-26fb-4318-a116-defde9c7c9ad
d215,c544ed4d-2390-4442-a83e-1ea2883b09c8
d216,c296e10c-110a-4103-9e77-47bfebb7fb2e
d213,33ca19f4-18c8-4411-98df-ac23890ce9f5
d214,c5c2ea1c-4bde-4f4d-bd0b-47b200bf99d6
d200,437a0e49-c6ae-42f6-a6c1-84f25ed366bc
d201,94b0fb9d-a066-4823-b2ec-af1d324bcfcf
d208,01d3c51b-9b98-418a-8d8e-37f6fab59d8c
d209,cfbc0924-0035-4d6c-8197-f024653af823
d206,a0327dc2-dc76-44d5-aec6-47cd2dff1469
d207,2fddb92d-24b2-46a5-bf28-3aed46f4684c
d204,f1b525b4-ddd0-4d39-85b2-d8fa26a7f279
d205,f463a056-ae06-445b-bab2-449b11482bf2
d202,9a58fda3-f4ed-4080-a3a5-f457aac9fcdd
d203,a670e05a-cea8-4b37-bce9-d82daf1a0fa4
d112,109958eb-a335-4c5e-907e-597ff4c6af46
d233,bfd5aec5-62a2-4560-a316-7c46c17babda
d113,d8354b38-e942-4c89-ba93-29323432abc3
d234,401c3991-b76b-499d-8082-9f2df958ef78
d110,f4a31f0a-51dd-4fa7-986d-3095c40c5ed9
d231,fbb375f9-48bb-4635-824e-4120273b3ba7
d111,c07f0676-9143-4217-8a9f-4c26bd636f13
d232,299278d3-25dd-4f30-bae4-5b571c28034d
d230,1f9df192-a621-4f54-8850-2c5373b7eac9
d118,6c8b9855-ba8b-48f9-ac1d-42167f7f7b18
d239,f1106b17-dcbb-45f6-b938-199ccfab50cc
d119,8f92558c-2baa-4758-8c38-615519e9deda
d116,a466c2a2-6517-42fb-a160-1087c3bafd9f
d237,1c46e82f-4764-4d82-a33b-5d5aee5e2881
d117,bf24ca37-25f4-4e34-9aec-460b94364cfc
d238,611700cf-27f0-4dc9-ae80-c513a767853e
d114,197450cd-0124-4164-b723-3c22dd16494d
d235,7cf0ea9d-86b9-4dad-ba9e-2355a64899ea
d115,5dcdb5eb-cb72-4e6e-9e63-b7bace604965
d236,d6ed7887-a401-47a8-893c-34b967444d26
d101,d339efbb-77b9-4147-ba9e-59f2f24550b2
d222,153c9281-268f-4cf3-8938-f5a4593e5df4
d102,f7ba7fbe-c6bd-4ac0-bee9-c25c558d7d62
d223,b7539c32-53e7-4908-bda3-81449c367da6
d220,6d7b7cd4-254b-4c25-83f6-dd20f98ceacd
d100,ebfc1398-8d96-47e3-82c3-f782abcdb13d
d221,daa09819-5da5-4c7a-8bef-eb372bb27ff1
d109,5d02f264-e225-41ff-83f7-d9b1f0b1874a
d107,01809552-4f87-45b0-afff-2c6f0730a3be
d228,04cd0cfd-bfd1-4c36-bc38-95c35e2c045f
d108,4bb4e4e4-5f66-4509-98af-62dbb90c45c5
d229,78f797e3-4913-4026-aad0-1cd858bd735b
d105,5fee3020-513b-48c2-b1f7-4681b01db0c6
d226,4bdcee62-4902-4773-8cd1-e252e2e31225
d106,a96ac800-bfcb-412a-8a63-0a98df600700
d227,afb680f2-b6eb-4cd7-a70b-a63b25c763d5
d103,c7020c6d-cae9-4db3-92a7-e5c561cbad50
d224,6de0f914-3e60-4418-be3b-42e0feb6eb4d
d104,618b6900-0618-4f1e-b835-bccb17f84294
d225,db4624cf-0e44-481e-a9dc-2142b833ec2f
d134,1946a82a-f927-40c2-8235-38d64f50d043
d255,4efa55ba-93cf-497f-baf3-2ca9da7e193e
d135,f2eef649-a6d5-4114-afba-e50ab26254d2
d256,1b34d22a-9f81-4a8a-83ba-00373e0cc6c4
d132,13655113-cd16-4b43-9dca-cadbbf26ee05
d253,2119beb8-6ac5-4f21-82a4-b831c90c0024
d133,fabb37f8-eb2a-4cc1-a72a-b56935bbb72d
d254,75167b8b-44e4-407b-9d35-effe87b223cf
d130,b23e8a63-8f47-4882-b55b-df2c92ef400e
d251,64b94289-9474-4d43-8c93-918ccc1920d1
d131,9beb62b2-88db-4cea-801e-162cd344ee53
d252,4dbf5678-7a31-406a-abbe-232f8ac2cd63
d250,8aa5b65a-5b3c-4029-92bf-47a544356934
d138,2ddd167f-5b8a-4372-b350-6ad50493bac0
d259,75a72702-a5ef-4513-bca5-c5b944903546
d139,020bfbb4-05c3-4c86-b372-17825c262094
d136,80cadd99-f560-41e3-babd-16292bbd248a
d257,ce9e8a37-2424-404b-ada5-291547fbd807
d137,4a4ee089-93b1-4470-af9a-6ff575d32704
d258,2f9ecbed-27be-40e6-abca-6de49d50299e
d123,8f9d6bb2-dba4-4cca-9967-cc02b9f4820c
d244,b267ca80-034e-4dc1-9ed4-ec45f1fed41d
d124,40f5d9e4-2de7-4f2d-ad41-e31a9a9fea27
d245,2944824d-4c26-476f-a981-be849081942f
d121,8ef1df30-ae4f-4dbd-9351-1a32b208a01e
d242,a796b92e-c137-4895-9c89-10f900617a4f
d122,b6b2bb8d-54a9-491f-9607-7b546023b433
d243,0ef3f425-9bd2-4216-9dd2-219d2fe90f1f
d240,b2d122f9-eadb-4930-a196-8f221eeb0c66
d120,5f6ab597-f57a-40da-be9e-adad48708203
d241,c44e9c22-ef82-4a77-9bcd-af6c958446d6
d129,82eb8936-7bf6-4577-8320-a2639465206d
d127,9e0e2b01-41db-4008-bd8b-988977d6019a
d248,b665b768-0d83-4363-950c-31ed39317c15
d128,90218af4-4d58-4821-8d41-2ee295ebbe21
d249,2fa0d3ac-b64c-401a-b0a1-4915ba6cc157
d125,c33c2065-b1c3-4406-b066-d33a9e2ea71a
d246,d530dbf9-69b1-404f-98f2-0431104f5a1e
d126,c98d40fd-f6cf-4b26-883e-eaa515ee2851
d247,7944ed53-2a58-4035-9b93-140a71e41c34
d156,614e3804-7d34-41ba-857f-811bad7c2b7a
d277,22a40b75-affc-4e69-8884-266d087e4751
d157,4593d49a-7f67-46ba-9ec0-126bd676286f
d278,03172286-f7ed-4864-a4db-459cd5ca9790
d10,67f66c07-6e61-4026-ade5-7e782fad3a5d
d154,bd13909f-1c29-4c27-a874-d4aaf27c5b1a
d275,7b885d42-3c41-4f43-9944-a5855ec5155e
d155,1ee18fb3-18a6-4c7f-8ba0-bc41cdd0462e
d276,e5c7b94f-e264-473c-bb0f-37c85d4d5c70
d12,650e7db6-b795-4eb5-a702-5ea2fc46c848
d152,2e41ae9c-afd2-4f20-8f1e-17281ce9b472
d273,abd506e1-6f2b-4d6f-b937-92c267f6f88b
d11,f59c5520-5f46-4d2c-b2c4-822eabf53419
d153,cb67438a-7f50-4f2b-a6f1-2bb2729fd538
d274,860b2707-6153-4e3a-aa57-74d2b42c55b5
d14,056e4f3e-d505-4dad-8ec1-d04f521cbb56
d150,70248960-cb53-4ea4-943a-edb18f7d336f
d271,6f1de078-6684-4792-820d-2ffad64c15ed
d13,b071f9fa-14b0-4217-8e97-eb41da73f598
d151,d15721d8-56b4-453d-b506-fc915b14cba2
d272,4d2956d1-a3f7-44bb-9a41-67563e1a0c94
d16,122d63fc-8671-43e4-9752-34e846d62a9c
d15,084308bd-1654-436f-ba03-df6697104e19
d270,24e1b53c-3085-4581-8472-0b0088d2508c
d18,39ab1aed-75e0-4140-bd47-540276886b60
d17,b10bbbfc-cf9e-42e0-be17-e2c3e1d2600d
d19,e21857d5-3256-4547-afb3-4b6ded592596
d158,2f548675-008d-4332-876c-108b0c7ab9c5
d279,2ce02909-598b-44ef-a456-151ba0a3bd70
d159,79491354-3d83-40e3-9d8e-7592d58d790a
d145,382f1005-e9ab-4684-afd4-0bdae4ee37f2
d266,eea8a864-fcda-4602-9569-38ab446decd6
d146,af37c51c-0790-4a29-b995-456f98a6b8c9
d267,070d193a-845c-479f-980e-bef15710653e
d21,f27ec8db-af05-4f36-916e-3d57f91ecf5e
d143,f5dfa020-ad69-41cd-b3d4-fd7af0414e94
d264,1f43d76f-8edf-44f6-aaf1-b65f05ad9402
d20,859d0860-d480-4efd-970c-c05d5f1776b8
d144,87c5dedd-371d-4a53-9f7f-80522fb7f3cb
d265,664c3e0e-42d8-48c1-b209-1efca19c0325
d23,ada7a83c-e3e1-40f1-93f9-3e73dbc9298a
d141,b9472588-93f3-4922-a1a2-74082cdf9ce8
d262,7527f6c2-d762-4b88-b5e2-9244f1e34c46
d22,0ab49580-c84f-44d4-875f-d83760ea2cfe
d142,8dd98bdc-80ec-4e93-8509-2f46bafc09a7
d263,07b6020a-c539-4d68-aeef-f159f3befc76
d25,a3cb23fc-acd3-4ce0-8f36-1e5aa6a18432
d260,e0e1a584-dd0a-4bd1-88d1-c4c62895039d
d24,cc0b7089-c08d-4c10-b6b0-873582c17fd6
d140,20244d07-534f-4eff-b4d4-930878889970
d261,95f5b748-d370-47fe-85bd-0af2dc450bc0
d27,9fff2f8a-21e6-47de-a2b8-7f449929d43f
d26,6ffb8ea9-2370-44d8-b678-e9237bbd347b
d29,d5be5333-4171-427e-8e12-732087c6b78e
d28,5441c29d-3602-4898-b1a1-b77fa23b8e50
d149,6e0c7c0e-cba5-4c2c-a652-38f71ef5785d
d147,b7ffd2af-418f-4be2-bdd1-22f8b48613da
d268,13bcb2bb-db37-4397-baf5-e0f085be2d64
d148,4d5447d7-c61c-4120-ba1b-d7f471d385b9
d269,148ddea2-6839-4354-8e2c-5dfadf136b7f
d30,f181961b-20f7-459e-89de-920ef03c7ed0
d178,99d7b49c-c18e-4a11-bf3e-b71710938df6
d299,54799c0e-eb45-4eea-996d-c4d71a63c499
d179,b43bc0c9-5766-4717-bd9a-3abe2fa62a4d
d32,eeb1195b-f213-4ce1-b28c-8565211f8e43
d176,708cad63-631f-4a77-92fe-c046bb02d0c3
d297,fa7b9055-3703-473a-8a09-adf2fe031a24
d31,45a663b5-b1cb-4a91-bff6-2bef7bbfdd76
d177,8d455809-96b3-4bb6-8829-ea4beb580d35
d298,e0140a67-e4d1-4f13-8a01-364355bee46e
d34,9efff43b-3b29-4082-824e-bc82f646f93d
d174,ebee61b4-bbdd-4087-9bcb-d5aa099088ec
d295,f4857fb9-e255-4dc6-bd01-e4ca7cc68544
d33,aa7a2827-f74b-473c-bd79-03d065835cf7
d175,606bf117-494f-4864-891f-09d63ff6aa4b
d296,cd8c5019-5d75-4d5c-bc28-e1e26a7dd5c8
d36,79239441-bfd5-4981-a70c-55c3f15c1287
d172,f6f2326f-6b25-4170-b89d-e235b25508e8
d293,05755bf1-380c-487f-983f-d1a02401fa28
d35,f82bcf78-5b69-4622-a5ef-73800768d9ac
d173,1fda852b-92e9-4562-82fa-c52820a77b23
d294,aabb1d9f-be12-45b3-a84d-a1fc3e8181fd
d38,6fe07aa5-fec0-4eca-a456-f29bff451b04
d170,d4d17620-fd97-4574-92a8-a2cb7e72ce42
d291,c3cceeed-3332-4cf0-8c4c-bbde425147b6
d37,83d91898-7763-47d7-b03b-b92132375c47
d171,1036b808-f58c-4a3e-b461-a2c4492ecf1b
d292,8a9ac1cb-faae-434e-8d60-b139a3707dfc
d39,a66999a7-ae5c-460e-ba94-1a01143ae847
d290,a41ac10f-0a56-4672-9161-b83f9b223559
d41,11ae9fbb-f3d7-4a47-936f-4c0a04d3b3b5
d167,f46bd570-5768-462e-b84c-c7c993bbf47e
d288,0efe858c-89e5-4e47-906a-356fa953fd6e
d40,0743b15a-3c32-48c8-ad58-cb325350befa
d168,d5d97b2b-b83b-4976-814a-056d9076c8c3
d289,d87e52c5-bb8d-4da8-b941-9f4928627dc8
d43,678d88b2-87b0-403b-b63d-5da7465aecc3
d165,e2c00c56-8365-4160-9f40-a64682917633
d286,ba550d0e-adac-4864-b88b-407cab5e76af
d42,69ee3720-a7cb-4402-b48d-a02c366f2bcf
d166,c3f28da8-662d-4f09-bdc7-3084bf685930
d287,012151a8-0f9a-44c9-997f-ebd68b5389f9
d45,3d2b98e5-556f-4451-a3ff-c50ea18d57cb
d163,8f6bd1e4-fbe1-4f50-aa9b-94c450ec0f11
d284,03ad1736-b7c9-412a-b442-82536d63a5c4
d44,309c62ba-7a22-4277-9f67-4a162526d18a
d164,bbc5b66b-d037-4f26-aecf-0b129e7f876a
d285,b345af35-205e-4eca-8006-029e5c20127e
d47,65f4f0c5-ef9e-490c-aee3-909e7ae6b2ab
d161,17b53d9f-5c63-4a09-a593-dde4608e0db9
d282,daeec599-bf5d-4428-994a-e76ba5f86e2f
d46,23a03e33-a603-404e-bcbf-2c00159d7067
d162,f0602f55-1770-483d-89bd-4bae0d0ac086
d283,8d552dfc-648f-401f-90de-e925013ca537
d49,ba853904-ae25-4ebb-89d6-c44cfbd71bd2
d280,3e55d51d-687f-4a9d-af96-2fabccf802e5
d48,ea4dfa26-f633-4da6-a52a-f49ea4897b58
d160,ca891d65-d9b0-4258-89f7-e6ba29d83767
d281,4c98aa1b-34eb-4336-987f-5e50aa059c00
d50,cc2c9c3c-b7bc-4b8b-84d8-4fbd8779e493
d169,985c709c-7771-4de3-9024-7bda29ebe3f9
